INSERT INTO class (classid, name, teacherid, typeid, classroomid) VALUES ('4c7bac2d-320c-4ecd-9a5e-a4222df5d648', 'Теория игр', 'aac62c38-e2ad-408c-a54a-8c57d8a62ed2', '85a9f865-d603-4c8d-bbfd-e0207dcb2792', '521ebe1f-28e8-445f-b862-f110a9e93aa8');
INSERT INTO "date" (dateid, classid, date) VALUES ('8eadc4b2-3815-47dc-81c8-5d7ff7aea144', '4c7bac2d-320c-4ecd-9a5e-a4222df5d648', '2022-01-12T09:00:00');
INSERT INTO groupclass (groupclassid, groupid, classid) VALUES ('722ce8f3-0c6c-4fb7-af3d-a05a8d40289e', 'SMB-801-O-1', '4c7bac2d-320c-4ecd-9a5e-a4222df5d648');

INSERT INTO teacher (teacherid, name, surname, thirdname) VALUES ('0cfce963-2b9e-40d4-80ef-6788a88383db', 'Елена', 'Костюшина', 'Анатольевна');

INSERT INTO class (classid, name, teacherid, typeid, classroomid) VALUES ('a07a0ae9-b127-4c54-aef2-c7a3dde882e5', 'Теория систем и системный анализ', 'a0b9224b-3160-46d1-9e36-e9745de35296', '85a9f865-d603-4c8d-bbfd-e0207dcb2792', 'f09cdd38-776e-43dd-b041-19a933101668');
INSERT INTO "date" (dateid, classid, date) VALUES ('19b43ba8-e54f-4836-98ca-83485a8210ab', 'a07a0ae9-b127-4c54-aef2-c7a3dde882e5', '2022-01-12T09:00:00');
INSERT INTO groupclass (groupclassid, groupid, classid) VALUES ('e2caf876-48ab-473e-9bdf-4fe45dcfdbb3', 'SPB-801-O-1', 'a07a0ae9-b127-4c54-aef2-c7a3dde882e5');
INSERT INTO class (classid, name, teacherid, typeid, classroomid) VALUES ('fa2daf0e-53e0-466a-aff7-89aa1671b79a', 'Интерфейсы периферийных устройств', 'c60a8496-f82a-41de-8b4b-f345bee619f5', 'ac5a8077-90d9-4372-a56b-276e37e05db4', '126a8009-1f61-4bda-a26c-84d3880a36a2');
INSERT INTO "date" (dateid, classid, date) VALUES ('96018581-5072-4e03-bd9b-4068a96687d8', 'fa2daf0e-53e0-466a-aff7-89aa1671b79a', '2022-01-13T16:00:00');
INSERT INTO groupclass (groupclassid, groupid, classid) VALUES ('22f96e61-da28-470d-a053-825d5e43f0b1', 'SIB-801-O-1', 'fa2daf0e-53e0-466a-aff7-89aa1671b79a');
INSERT INTO class (classid, name, teacherid, typeid, classroomid) VALUES ('421f7b2d-cda5-4663-ac25-0b555957c9ad', 'Теория информации', 'f1b5ec00-ac2e-4964-99c5-8ee3a9af710c', '85a9f865-d603-4c8d-bbfd-e0207dcb2792', 'f09cdd38-776e-43dd-b041-19a933101668');
INSERT INTO "date" (dateid, classid, date) VALUES ('e12527c3-dd2d-4e1e-9da1-f63d805f6a37', '421f7b2d-cda5-4663-ac25-0b555957c9ad', '2022-01-14T09:00:00');
INSERT INTO groupclass (groupclassid, groupid, classid) VALUES ('93143230-6769-4716-9e96-dcae651c7bb7', 'SBS-801-O-1', '421f7b2d-cda5-4663-ac25-0b555957c9ad');
INSERT INTO class (classid, name, teacherid, typeid, classroomid) VALUES ('3ed21a31-9c91-41a8-96d3-009ce5ef8e31', 'Теория информации', 'f1b5ec00-ac2e-4964-99c5-8ee3a9af710c', 'ac5a8077-90d9-4372-a56b-276e37e05db4', '0a93648c-fa3a-4007-a9d6-28c8e28884a9');
INSERT INTO "date" (dateid, classid, date) VALUES ('3dedd94b-fc92-402b-af6c-258727bb1aeb', '3ed21a31-9c91-41a8-96d3-009ce5ef8e31', '2022-01-15T15:00:00');
INSERT INTO groupclass (groupclassid, groupid, classid) VALUES ('095eaed3-f366-4f67-a85c-83cc39a6e59c', 'SBB-801-O-1', '3ed21a31-9c91-41a8-96d3-009ce5ef8e31');
INSERT INTO class (classid, name, teacherid, typeid, classroomid) VALUES ('8423a439-8231-4be9-8c03-1f77e86dcc93', 'Программные системы', '5b36a04d-47d0-45c5-9976-0a054c0849ca', 'ac5a8077-90d9-4372-a56b-276e37e05db4', '5afdb6c0-bb4f-4bc3-b37a-4cd18f92bd35');
INSERT INTO "date" (dateid, classid, date) VALUES ('65abd8f7-a234-46e6-98b5-36999f5a71ad', '8423a439-8231-4be9-8c03-1f77e86dcc93', '2022-01-15T15:00:00');
INSERT INTO groupclass (groupclassid, groupid, classid) VALUES ('f955adca-e6ea-4cfc-aa77-53454ef7fcd3', 'SMB-801-O-1', '8423a439-8231-4be9-8c03-1f77e86dcc93');
INSERT INTO class (classid, name, teacherid, typeid, classroomid) VALUES ('d4540ee2-22e7-4b81-b650-bd359321f4d4', 'Интерфейсы периферийных устройств', 'c60a8496-f82a-41de-8b4b-f345bee619f5', '85a9f865-d603-4c8d-bbfd-e0207dcb2792', '126a8009-1f61-4bda-a26c-84d3880a36a2');
INSERT INTO "date" (dateid, classid, date) VALUES ('a524afd5-dcfa-44a1-877c-9c6591450762', 'd4540ee2-22e7-4b81-b650-bd359321f4d4', '2022-01-15T09:00:00');
INSERT INTO groupclass (groupclassid, groupid, classid) VALUES ('590f77df-3bfc-40b4-81a8-f2d33cff5abc', 'SIB-801-O-1', 'd4540ee2-22e7-4b81-b650-bd359321f4d4');
INSERT INTO class (classid, name, teacherid, typeid, classroomid) VALUES ('362903f0-c220-4166-b4da-f7f249f9708a', 'Корпоративные информационные системы', '0cfce963-2b9e-40d4-80ef-6788a88383db', 'ac5a8077-90d9-4372-a56b-276e37e05db4', '783931eb-44fe-4c41-a0f6-a4b3faaf29d6');
INSERT INTO "date" (dateid, classid, date) VALUES ('84409f40-7a52-4afb-b27d-fce21f539d11', '362903f0-c220-4166-b4da-f7f249f9708a', '2022-01-15T15:00:00');
INSERT INTO groupclass (groupclassid, groupid, classid) VALUES ('af37d64c-f510-486d-b989-d1f2afd89ed1', 'SPB-801-O-1', '362903f0-c220-4166-b4da-f7f249f9708a');
INSERT INTO class (classid, name, teacherid, typeid, classroomid) VALUES ('e8533769-1bd1-4b3e-becf-5b60300cbbbe', 'Защита в ОС', 'f5f6e139-e624-4d6e-9926-84f78d96c407', 'ac5a8077-90d9-4372-a56b-276e37e05db4', '1e08f548-1645-4213-975b-4d89bd5e53b2');
INSERT INTO "date" (dateid, classid, date) VALUES ('22f3dd62-dceb-4d83-89a4-495e8e79c4b7', 'e8533769-1bd1-4b3e-becf-5b60300cbbbe', '2022-01-17T16:00:00');
INSERT INTO groupclass (groupclassid, groupid, classid) VALUES ('3a39c47c-ab0d-44b1-a905-9dc2894ec11c', 'SBS-801-O-1', 'e8533769-1bd1-4b3e-becf-5b60300cbbbe');
INSERT INTO class (classid, name, teacherid, typeid, classroomid) VALUES ('57588e56-c410-4cbc-bdb3-ba71fddccd16', 'Теория информации', 'f1b5ec00-ac2e-4964-99c5-8ee3a9af710c', '85a9f865-d603-4c8d-bbfd-e0207dcb2792', '0a93648c-fa3a-4007-a9d6-28c8e28884a9');
INSERT INTO "date" (dateid, classid, date) VALUES ('ddeb5449-9ca3-4100-9d4b-94e7f9efea29', '57588e56-c410-4cbc-bdb3-ba71fddccd16', '2022-01-17T09:00:00');
INSERT INTO groupclass (groupclassid, groupid, classid) VALUES ('17458f8a-5924-471a-8df1-5b9cee23ac04', 'SBB-801-O-1', '57588e56-c410-4cbc-bdb3-ba71fddccd16');
INSERT INTO class (classid, name, teacherid, typeid, classroomid) VALUES ('d87aef64-d892-4a02-b547-9f520b076e51', 'Программные системы', '5b36a04d-47d0-45c5-9976-0a054c0849ca', '85a9f865-d603-4c8d-bbfd-e0207dcb2792', '5afdb6c0-bb4f-4bc3-b37a-4cd18f92bd35');
INSERT INTO "date" (dateid, classid, date) VALUES ('9c3be9b6-6de3-477e-9f2d-fb368ac9cd84', 'd87aef64-d892-4a02-b547-9f520b076e51', '2022-01-17T09:00:00');
INSERT INTO groupclass (groupclassid, groupid, classid) VALUES ('04ad7b6d-6e49-4b12-bd4a-cfc5d4dbcd5c', 'SMB-801-O-1', 'd87aef64-d892-4a02-b547-9f520b076e51');
INSERT INTO class (classid, name, teacherid, typeid, classroomid) VALUES ('73711636-5741-455c-8e4c-cee59822f94a', 'Компиляторы и методы трансляции', 'a0b9224b-3160-46d1-9e36-e9745de35296', 'ac5a8077-90d9-4372-a56b-276e37e05db4', 'f09cdd38-776e-43dd-b041-19a933101668');
INSERT INTO "date" (dateid, classid, date) VALUES ('5c1bfeb7-8053-4524-9899-e9392844a89a', '73711636-5741-455c-8e4c-cee59822f94a', '2022-01-17T16:00:00');
INSERT INTO groupclass (groupclassid, groupid, classid) VALUES ('dab39541-d254-4911-b1ab-e34990b29eaa', 'SIB-801-O-1', '73711636-5741-455c-8e4c-cee59822f94a');
INSERT INTO class (classid, name, teacherid, typeid, classroomid) VALUES ('9d032c38-6d1d-49a1-821e-c851372e4130', 'Корпоративные информационные системы', '0cfce963-2b9e-40d4-80ef-6788a88383db', '85a9f865-d603-4c8d-bbfd-e0207dcb2792', '783931eb-44fe-4c41-a0f6-a4b3faaf29d6');
INSERT INTO "date" (dateid, classid, date) VALUES ('cfffab6f-0b55-45bf-a81b-aa51a23e7e2c', '9d032c38-6d1d-49a1-821e-c851372e4130', '2022-01-17T09:00:00');
INSERT INTO groupclass (groupclassid, groupid, classid) VALUES ('3ce56b38-88c4-426c-9d9c-476bcb346a21', 'SPB-801-O-1', '9d032c38-6d1d-49a1-821e-c851372e4130');
INSERT INTO class (classid, name, teacherid, typeid, classroomid) VALUES ('8c3b0b31-d753-4bb9-b02d-14dd9ece004d', 'Защита в ОС', 'f5f6e139-e624-4d6e-9926-84f78d96c407', '85a9f865-d603-4c8d-bbfd-e0207dcb2792', 'f09cdd38-776e-43dd-b041-19a933101668');
INSERT INTO "date" (dateid, classid, date) VALUES ('5931670e-a3f0-469c-ab76-715ce5de9dbd', '8c3b0b31-d753-4bb9-b02d-14dd9ece004d', '2022-01-19T09:00:00');
INSERT INTO groupclass (groupclassid, groupid, classid) VALUES ('2d143216-d31d-4834-a3e9-52421a8cb8f3', 'SBB-801-O-1', '8c3b0b31-d753-4bb9-b02d-14dd9ece004d');
INSERT INTO class (classid, name, teacherid, typeid, classroomid) VALUES ('87316d3f-e33c-44e5-8e59-516bfb533ce2', 'Защита в ОС', 'f5f6e139-e624-4d6e-9926-84f78d96c407', 'ac5a8077-90d9-4372-a56b-276e37e05db4', '126a8009-1f61-4bda-a26c-84d3880a36a2');
INSERT INTO "date" (dateid, classid, date) VALUES ('ca503778-cf0c-41e0-a234-063c806ae46d', '87316d3f-e33c-44e5-8e59-516bfb533ce2', '2022-01-19T15:00:00');
INSERT INTO groupclass (groupclassid, groupid, classid) VALUES ('722683d5-989b-4a71-9f3a-0796dbdc8be8', 'SBB-801-O-1', '87316d3f-e33c-44e5-8e59-516bfb533ce2');
INSERT INTO class (classid, name, teacherid, typeid, classroomid) VALUES ('76a8a8b5-dddb-455a-aecf-3c1355d151c8', 'Компиляторы и методы трансляции', 'a0b9224b-3160-46d1-9e36-e9745de35296', '85a9f865-d603-4c8d-bbfd-e0207dcb2792', '521ebe1f-28e8-445f-b862-f110a9e93aa8');
INSERT INTO "date" (dateid, classid, date) VALUES ('8b2b37a1-59a9-49e1-b869-fb594a3de81f', '76a8a8b5-dddb-455a-aecf-3c1355d151c8', '2022-01-19T09:00:00');
INSERT INTO groupclass (groupclassid, groupid, classid) VALUES ('4ad99a4d-c344-4e36-a96a-391f4ff1b01e', 'SIB-801-O-1', '76a8a8b5-dddb-455a-aecf-3c1355d151c8');
INSERT INTO class (classid, name, teacherid, typeid, classroomid) VALUES ('f5080125-78d3-472b-9a10-ab5ca58af282', 'Коммутация и маршрутизация', 'b122966a-0d93-475e-8cf6-7b9ee00bbf1f', 'ac5a8077-90d9-4372-a56b-276e37e05db4', 'f09cdd38-776e-43dd-b041-19a933101668');
INSERT INTO "date" (dateid, classid, date) VALUES ('c99831c0-9f7c-4b54-b8fb-4d083a0ef43b', 'f5080125-78d3-472b-9a10-ab5ca58af282', '2022-01-19T16:00:00');
INSERT INTO groupclass (groupclassid, groupid, classid) VALUES ('916d261a-022e-4484-be7d-0e57610436ce', 'SPB-801-O-1', 'f5080125-78d3-472b-9a10-ab5ca58af282');
INSERT INTO class (classid, name, teacherid, typeid, classroomid) VALUES ('ecf00160-8d9a-4095-bcd6-d8805b6a4ba4', 'Функциональное программирование', '5b36a04d-47d0-45c5-9976-0a054c0849ca', 'ac5a8077-90d9-4372-a56b-276e37e05db4', '5afdb6c0-bb4f-4bc3-b37a-4cd18f92bd35');
INSERT INTO "date" (dateid, classid, date) VALUES ('88a575df-2728-45fd-84cd-02674877781b', 'ecf00160-8d9a-4095-bcd6-d8805b6a4ba4', '2022-01-20T16:00:00');
INSERT INTO groupclass (groupclassid, groupid, classid) VALUES ('fbcf74ee-5b87-4697-9362-8ebdf5d47ad4', 'SMB-801-O-1', 'ecf00160-8d9a-4095-bcd6-d8805b6a4ba4');
INSERT INTO class (classid, name, teacherid, typeid, classroomid) VALUES ('17f1a1b2-8af8-4fa1-a7a2-0be3e4459fc4', 'Защита в ОС', 'f5f6e139-e624-4d6e-9926-84f78d96c407', '85a9f865-d603-4c8d-bbfd-e0207dcb2792', '521ebe1f-28e8-445f-b862-f110a9e93aa8');
INSERT INTO "date" (dateid, classid, date) VALUES ('05aaf5c4-8a74-4400-9bc9-608bed6e06ae', '17f1a1b2-8af8-4fa1-a7a2-0be3e4459fc4', '2022-01-21T09:00:00');
INSERT INTO groupclass (groupclassid, groupid, classid) VALUES ('101afbdb-dd1c-4241-99fe-3b5d6b9d4804', 'SBB-801-O-1', '17f1a1b2-8af8-4fa1-a7a2-0be3e4459fc4');
INSERT INTO class (classid, name, teacherid, typeid, classroomid) VALUES ('1d5e30e9-03c2-4ef8-9ebe-53950b8528ea', 'Коммутация и маршрутизация', 'b122966a-0d93-475e-8cf6-7b9ee00bbf1f', '85a9f865-d603-4c8d-bbfd-e0207dcb2792', 'f09cdd38-776e-43dd-b041-19a933101668');
INSERT INTO "date" (dateid, classid, date) VALUES ('3d896efd-4cde-4dde-b27f-938df854fc39', '1d5e30e9-03c2-4ef8-9ebe-53950b8528ea', '2022-01-21T09:00:00');
INSERT INTO groupclass (groupclassid, groupid, classid) VALUES ('05a6ffdb-7eba-4d59-87fd-e7fdff659ba8', 'SPB-801-O-1', '1d5e30e9-03c2-4ef8-9ebe-53950b8528ea');
INSERT INTO class (classid, name, teacherid, typeid, classroomid) VALUES ('297f8828-f551-4033-9fbf-03e867b73eed', 'Криптографические протоколы', '26ae9f0a-88c0-4805-9fb0-df4bfa05f472', 'ac5a8077-90d9-4372-a56b-276e37e05db4', '95443214-b49f-4794-b712-a19c59bccee7');
INSERT INTO "date" (dateid, classid, date) VALUES ('e989beef-28d9-4bd6-a4b1-2ccf4af132ab', '297f8828-f551-4033-9fbf-03e867b73eed', '2022-01-22T16:30:00');
INSERT INTO groupclass (groupclassid, groupid, classid) VALUES ('6424ab7d-33b1-4639-a283-fb5ee72fbe65', 'SBS-801-O-1', '297f8828-f551-4033-9fbf-03e867b73eed');
INSERT INTO class (classid, name, teacherid, typeid, classroomid) VALUES ('62415834-19cd-4c70-b2e3-2afdd36aeac9', 'Функциональное программирование', '5b36a04d-47d0-45c5-9976-0a054c0849ca', '85a9f865-d603-4c8d-bbfd-e0207dcb2792', '5afdb6c0-bb4f-4bc3-b37a-4cd18f92bd35');
INSERT INTO "date" (dateid, classid, date) VALUES ('cd5fef91-5ac4-4f44-93f9-3c489823a1a2', '62415834-19cd-4c70-b2e3-2afdd36aeac9', '2022-01-22T09:00:00');
INSERT INTO groupclass (groupclassid, groupid, classid) VALUES ('6457af77-9263-4ce6-b35e-5fd7fa489d35', 'SMB-801-O-1', '62415834-19cd-4c70-b2e3-2afdd36aeac9');
INSERT INTO class (classid, name, teacherid, typeid, classroomid) VALUES ('bd5f3740-87b3-4269-a1cf-4f4207057251', 'Программирование сетевых приложений', 'c60a8496-f82a-41de-8b4b-f345bee619f5', 'ac5a8077-90d9-4372-a56b-276e37e05db4', '126a8009-1f61-4bda-a26c-84d3880a36a2');
INSERT INTO "date" (dateid, classid, date) VALUES ('ae1c68ed-6315-4a96-9403-3e51523271ad', 'bd5f3740-87b3-4269-a1cf-4f4207057251', '2022-01-22T15:00:00');
INSERT INTO groupclass (groupclassid, groupid, classid) VALUES ('5c904f72-f8d3-431a-828f-5394c04279e1', 'SIB-801-O-1', 'bd5f3740-87b3-4269-a1cf-4f4207057251');
INSERT INTO class (classid, name, teacherid, typeid, classroomid) VALUES ('8fa4705b-170e-43dd-9be6-6856990a2b74', 'Криптографические протоколы', '26ae9f0a-88c0-4805-9fb0-df4bfa05f472', '85a9f865-d603-4c8d-bbfd-e0207dcb2792', 'c2e3c5a9-4baf-4d4a-969a-d477f767b252');
INSERT INTO "date" (dateid, classid, date) VALUES ('29c34c3b-cb34-4b1d-a084-0b93d0802027', '8fa4705b-170e-43dd-9be6-6856990a2b74', '2022-01-24T09:00:00');
INSERT INTO groupclass (groupclassid, groupid, classid) VALUES ('7d6dfe5b-110d-43eb-9a05-513d9882acca', 'SBS-801-O-1', '8fa4705b-170e-43dd-9be6-6856990a2b74');
INSERT INTO class (classid, name, teacherid, typeid, classroomid) VALUES ('0795fd6e-0083-493c-bf0b-8c242e6c7c08', 'Криптографические протоколы', '26ae9f0a-88c0-4805-9fb0-df4bfa05f472', 'ac5a8077-90d9-4372-a56b-276e37e05db4', '0a93648c-fa3a-4007-a9d6-28c8e28884a9');
INSERT INTO "date" (dateid, classid, date) VALUES ('2c89bdfe-37ee-4ba7-a5dc-2ec016e9d425', '0795fd6e-0083-493c-bf0b-8c242e6c7c08', '2022-01-24T10:00:00');
INSERT INTO groupclass (groupclassid, groupid, classid) VALUES ('d44bbacb-bf2a-47dc-9832-62b678958835', 'SBB-801-O-1', '0795fd6e-0083-493c-bf0b-8c242e6c7c08');
INSERT INTO class (classid, name, teacherid, typeid, classroomid) VALUES ('2e247337-acbb-45c1-954d-d6b9bb64038a', 'Программирование сетевых приложений', 'c60a8496-f82a-41de-8b4b-f345bee619f5', '85a9f865-d603-4c8d-bbfd-e0207dcb2792', '126a8009-1f61-4bda-a26c-84d3880a36a2');
INSERT INTO "date" (dateid, classid, date) VALUES ('1b9f006d-3a98-4455-8fe3-d93c555959a1', '2e247337-acbb-45c1-954d-d6b9bb64038a', '2022-01-24T09:00:00');
INSERT INTO groupclass (groupclassid, groupid, classid) VALUES ('1e15b9d0-6384-43f8-af6d-4b681edb34eb', 'SIB-801-O-1', '2e247337-acbb-45c1-954d-d6b9bb64038a');
INSERT INTO class (classid, name, teacherid, typeid, classroomid) VALUES ('26443d50-b400-4265-8281-dda9c1406183', 'Криптографические протоколы', '26ae9f0a-88c0-4805-9fb0-df4bfa05f472', '85a9f865-d603-4c8d-bbfd-e0207dcb2792', '0a93648c-fa3a-4007-a9d6-28c8e28884a9');
INSERT INTO "date" (dateid, classid, date) VALUES ('5c8008d0-c4b9-4f93-a4db-dd440068841b', '26443d50-b400-4265-8281-dda9c1406183', '2022-01-25T09:00:00');
INSERT INTO groupclass (groupclassid, groupid, classid) VALUES ('f8ac210c-9e4a-44b8-a091-c4871e5de2ac', 'SBB-801-O-1', '26443d50-b400-4265-8281-dda9c1406183');